[{"model": "admin.logentry", "pk": 1, "fields": {"action_time": "2024-08-29T13:38:32.995Z", "user": 1, "content_type": 7, "object_id": "1", "object_repr": "Курс № 1", "action_flag": 1, "change_message": "[{\"added\": {}}]"}}, {"model": "admin.logentry", "pk": 2, "fields": {"action_time": "2024-08-29T13:38:39.628Z", "user": 1, "content_type": 8, "object_id": "1", "object_repr": "Тема № 1", "action_flag": 1, "change_message": "[{\"added\": {}}]"}}, {"model": "admin.logentry", "pk": 3, "fields": {"action_time": "2024-08-29T13:38:44.202Z", "user": 1, "content_type": 8, "object_id": "2", "object_repr": "Тема № 2", "action_flag": 1, "change_message": "[{\"added\": {}}]"}}, {"model": "admin.logentry", "pk": 4, "fields": {"action_time": "2024-08-29T13:38:49.335Z", "user": 1, "content_type": 8, "object_id": "3", "object_repr": "Тема № 3", "action_flag": 1, "change_message": "[{\"added\": {}}]"}}, {"model": "admin.logentry", "pk": 5, "fields": {"action_time": "2024-08-29T13:38:55.814Z", "user": 1, "content_type": 9, "object_id": "1", "object_repr": "Урок № 1", "action_flag": 1, "change_message": "[{\"added\": {}}]"}}, {"model": "admin.logentry", "pk": 6, "fields": {"action_time": "2024-08-29T13:38:59.943Z", "user": 1, "content_type": 9, "object_id": "2", "object_repr": "Урок № 2", "action_flag": 1, "change_message": "[{\"added\": {}}]"}}, {"model": "admin.logentry", "pk": 7, "fields": {"action_time": "2024-08-29T13:39:21.412Z", "user": 1, "content_type": 9, "object_id": "3", "object_repr": "Урок № 3", "action_flag": 1, "change_message": "[{\"added\": {}}]"}}, {"model": "admin.logentry", "pk": 8, "fields": {"action_time": "2024-08-29T13:39:30.709Z", "user": 1, "content_type": 9, "object_id": "4", "object_repr": "Урок № 4", "action_flag": 1, "change_message": "[{\"added\": {}}]"}}, {"model": "admin.logentry", "pk": 9, "fields": {"action_time": "2024-08-29T13:39:35.956Z", "user": 1, "content_type": 9, "object_id": "5", "object_repr": "Урок № 5", "action_flag": 1, "change_message": "[{\"added\": {}}]"}}, {"model": "admin.logentry", "pk": 10, "fields": {"action_time": "2024-08-29T13:39:45.176Z", "user": 1, "content_type": 29, "object_id": "1", "object_repr": "Курс № 1 ->  ", "action_flag": 1, "change_message": "[{\"added\": {}}]"}}, {"model": "admin.logentry", "pk": 11, "fields": {"action_time": "2024-08-29T13:39:54.742Z", "user": 1, "content_type": 6, "object_id": "1", "object_repr": "Админ Админский", "action_flag": 2, "change_message": "[{\"changed\": {\"fields\": [\"\\u0418\\u043c\\u044f\", \"\\u0424\\u0430\\u043c\\u0438\\u043b\\u0438\\u044f\"]}}]"}}, {"model": "admin.logentry", "pk": 12, "fields": {"action_time": "2024-08-29T13:46:38.482Z", "user": 1, "content_type": 13, "object_id": "1", "object_repr": "[Шаг][Текст] № 1", "action_flag": 1, "change_message": "[{\"added\": {}}]"}}, {"model": "admin.logentry", "pk": 13, "fields": {"action_time": "2024-08-29T13:48:07.906Z", "user": 1, "content_type": 13, "object_id": "2", "object_repr": "[Шаг][Текст] № 2", "action_flag": 1, "change_message": "[{\"added\": {}}]"}}, {"model": "admin.logentry", "pk": 14, "fields": {"action_time": "2024-08-29T13:48:18.706Z", "user": 1, "content_type": 11, "object_id": "1", "object_repr": "LessonStepConnection object (1)", "action_flag": 1, "change_message": "[{\"added\": {}}]"}}, {"model": "admin.logentry", "pk": 15, "fields": {"action_time": "2024-08-29T13:48:22.061Z", "user": 1, "content_type": 11, "object_id": "2", "object_repr": "LessonStepConnection object (2)", "action_flag": 1, "change_message": "[{\"added\": {}}]"}}, {"model": "admin.logentry", "pk": 16, "fields": {"action_time": "2024-08-29T13:49:55.089Z", "user": 1, "content_type": 14, "object_id": "3", "object_repr": "[Шаг][Видео] № 3", "action_flag": 1, "change_message": "[{\"added\": {}}]"}}, {"model": "admin.logentry", "pk": 17, "fields": {"action_time": "2024-08-29T13:50:01.126Z", "user": 1, "content_type": 14, "object_id": "4", "object_repr": "[Шаг][Видео] № 4", "action_flag": 1, "change_message": "[{\"added\": {}}]"}}, {"model": "admin.logentry", "pk": 18, "fields": {"action_time": "2024-08-29T13:50:08.044Z", "user": 1, "content_type": 11, "object_id": "3", "object_repr": "LessonStepConnection object (3)", "action_flag": 1, "change_message": "[{\"added\": {}}]"}}, {"model": "admin.logentry", "pk": 19, "fields": {"action_time": "2024-08-29T13:50:13.009Z", "user": 1, "content_type": 11, "object_id": "4", "object_repr": "LessonStepConnection object (4)", "action_flag": 1, "change_message": "[{\"added\": {}}]"}}, {"model": "admin.logentry", "pk": 20, "fields": {"action_time": "2024-08-29T13:51:21.262Z", "user": 1, "content_type": 13, "object_id": "2", "object_repr": "[Шаг][Текст] № 2", "action_flag": 2, "change_message": "[{\"changed\": {\"fields\": [\"\\u0421\\u0447\\u0435\\u0442\\u0447\\u0438\\u043a \\u043f\\u0440\\u043e\\u0441\\u043c\\u043e\\u0442\\u0440\\u043e\\u0432\", \"\\u0422\\u0435\\u043a\\u0441\\u0442\"]}}]"}}, {"model": "admin.logentry", "pk": 21, "fields": {"action_time": "2024-08-29T13:51:53.066Z", "user": 1, "content_type": 15, "object_id": "5", "object_repr": "[Шаг][Вопрос] № 5", "action_flag": 1, "change_message": "[{\"added\": {}}]"}}, {"model": "admin.logentry", "pk": 22, "fields": {"action_time": "2024-08-29T13:52:02.260Z", "user": 1, "content_type": 11, "object_id": "5", "object_repr": "LessonStepConnection object (5)", "action_flag": 1, "change_message": "[{\"added\": {}}]"}}, {"model": "admin.logentry", "pk": 23, "fields": {"action_time": "2024-08-29T13:54:57.169Z", "user": 1, "content_type": 15, "object_id": "6", "object_repr": "[Шаг][Вопрос] № 6", "action_flag": 1, "change_message": "[{\"added\": {}}]"}}, {"model": "admin.logentry", "pk": 24, "fields": {"action_time": "2024-08-29T13:55:03.082Z", "user": 1, "content_type": 11, "object_id": "6", "object_repr": "LessonStepConnection object (6)", "action_flag": 1, "change_message": "[{\"added\": {}}]"}}, {"model": "admin.logentry", "pk": 25, "fields": {"action_time": "2024-08-29T13:56:09.801Z", "user": 1, "content_type": 25, "object_id": "7", "object_repr": "[Шаг][Вопрос с выбором ответа] № 7", "action_flag": 1, "change_message": "[{\"added\": {}}]"}}, {"model": "admin.logentry", "pk": 26, "fields": {"action_time": "2024-08-29T13:56:20.736Z", "user": 1, "content_type": 26, "object_id": "1", "object_repr": "AnswerForSingleChoiceQuestionStep object (1)", "action_flag": 1, "change_message": "[{\"added\": {}}]"}}, {"model": "admin.logentry", "pk": 27, "fields": {"action_time": "2024-08-29T13:56:26.084Z", "user": 1, "content_type": 26, "object_id": "2", "object_repr": "AnswerForSingleChoiceQuestionStep object (2)", "action_flag": 1, "change_message": "[{\"added\": {}}]"}}, {"model": "admin.logentry", "pk": 28, "fields": {"action_time": "2024-08-29T13:56:30.824Z", "user": 1, "content_type": 26, "object_id": "3", "object_repr": "AnswerForSingleChoiceQuestionStep object (3)", "action_flag": 1, "change_message": "[{\"added\": {}}]"}}, {"model": "admin.logentry", "pk": 29, "fields": {"action_time": "2024-08-29T13:56:44.727Z", "user": 1, "content_type": 11, "object_id": "7", "object_repr": "LessonStepConnection object (7)", "action_flag": 1, "change_message": "[{\"added\": {}}]"}}, {"model": "admin.logentry", "pk": 30, "fields": {"action_time": "2024-08-29T13:56:59.823Z", "user": 1, "content_type": 11, "object_id": "1", "object_repr": "LessonStepConnection object (1)", "action_flag": 3, "change_message": ""}}, {"model": "admin.logentry", "pk": 31, "fields": {"action_time": "2024-08-29T13:56:59.827Z", "user": 1, "content_type": 11, "object_id": "2", "object_repr": "LessonStepConnection object (2)", "action_flag": 3, "change_message": ""}}, {"model": "admin.logentry", "pk": 32, "fields": {"action_time": "2024-08-29T13:56:59.830Z", "user": 1, "content_type": 11, "object_id": "3", "object_repr": "LessonStepConnection object (3)", "action_flag": 3, "change_message": ""}}, {"model": "admin.logentry", "pk": 33, "fields": {"action_time": "2024-08-29T13:56:59.833Z", "user": 1, "content_type": 11, "object_id": "4", "object_repr": "LessonStepConnection object (4)", "action_flag": 3, "change_message": ""}}, {"model": "admin.logentry", "pk": 34, "fields": {"action_time": "2024-08-29T13:56:59.836Z", "user": 1, "content_type": 11, "object_id": "5", "object_repr": "LessonStepConnection object (5)", "action_flag": 3, "change_message": ""}}, {"model": "admin.logentry", "pk": 35, "fields": {"action_time": "2024-08-29T13:56:59.839Z", "user": 1, "content_type": 11, "object_id": "6", "object_repr": "LessonStepConnection object (6)", "action_flag": 3, "change_message": ""}}, {"model": "admin.logentry", "pk": 36, "fields": {"action_time": "2024-08-29T13:56:59.842Z", "user": 1, "content_type": 11, "object_id": "7", "object_repr": "LessonStepConnection object (7)", "action_flag": 3, "change_message": ""}}, {"model": "admin.logentry", "pk": 37, "fields": {"action_time": "2024-08-29T13:57:06.099Z", "user": 1, "content_type": 16, "object_id": "1", "object_repr": "UserAnswerForQuestionStep object (1)", "action_flag": 3, "change_message": ""}}, {"model": "admin.logentry", "pk": 38, "fields": {"action_time": "2024-08-29T13:57:20.655Z", "user": 1, "content_type": 21, "object_id": "1", "object_repr": "UserStepEnroll object (1)", "action_flag": 3, "change_message": ""}}, {"model": "admin.logentry", "pk": 39, "fields": {"action_time": "2024-08-29T13:57:20.659Z", "user": 1, "content_type": 21, "object_id": "2", "object_repr": "UserStepEnroll object (2)", "action_flag": 3, "change_message": ""}}, {"model": "admin.logentry", "pk": 40, "fields": {"action_time": "2024-08-29T13:57:20.662Z", "user": 1, "content_type": 21, "object_id": "3", "object_repr": "UserStepEnroll object (3)", "action_flag": 3, "change_message": ""}}, {"model": "admin.logentry", "pk": 41, "fields": {"action_time": "2024-08-29T13:57:20.666Z", "user": 1, "content_type": 21, "object_id": "4", "object_repr": "UserStepEnroll object (4)", "action_flag": 3, "change_message": ""}}, {"model": "admin.logentry", "pk": 42, "fields": {"action_time": "2024-08-29T13:57:20.669Z", "user": 1, "content_type": 21, "object_id": "5", "object_repr": "UserStepEnroll object (5)", "action_flag": 3, "change_message": ""}}, {"model": "admin.logentry", "pk": 43, "fields": {"action_time": "2024-08-29T13:57:20.672Z", "user": 1, "content_type": 21, "object_id": "6", "object_repr": "UserStepEnroll object (6)", "action_flag": 3, "change_message": ""}}, {"model": "admin.logentry", "pk": 44, "fields": {"action_time": "2024-08-29T13:57:20.675Z", "user": 1, "content_type": 21, "object_id": "7", "object_repr": "UserStepEnroll object (7)", "action_flag": 3, "change_message": ""}}, {"model": "admin.logentry", "pk": 45, "fields": {"action_time": "2024-08-29T13:57:25.530Z", "user": 1, "content_type": 11, "object_id": "8", "object_repr": "LessonStepConnection object (8)", "action_flag": 1, "change_message": "[{\"added\": {}}]"}}, {"model": "admin.logentry", "pk": 46, "fields": {"action_time": "2024-08-29T13:57:28.523Z", "user": 1, "content_type": 11, "object_id": "9", "object_repr": "LessonStepConnection object (9)", "action_flag": 1, "change_message": "[{\"added\": {}}]"}}, {"model": "admin.logentry", "pk": 47, "fields": {"action_time": "2024-08-29T13:57:31.884Z", "user": 1, "content_type": 11, "object_id": "10", "object_repr": "LessonStepConnection object (10)", "action_flag": 1, "change_message": "[{\"added\": {}}]"}}, {"model": "admin.logentry", "pk": 48, "fields": {"action_time": "2024-08-29T13:57:35.377Z", "user": 1, "content_type": 11, "object_id": "11", "object_repr": "LessonStepConnection object (11)", "action_flag": 1, "change_message": "[{\"added\": {}}]"}}, {"model": "admin.logentry", "pk": 49, "fields": {"action_time": "2024-08-29T13:57:38.948Z", "user": 1, "content_type": 11, "object_id": "12", "object_repr": "LessonStepConnection object (12)", "action_flag": 1, "change_message": "[{\"added\": {}}]"}}, {"model": "admin.logentry", "pk": 50, "fields": {"action_time": "2024-08-29T13:57:42.362Z", "user": 1, "content_type": 11, "object_id": "13", "object_repr": "LessonStepConnection object (13)", "action_flag": 1, "change_message": "[{\"added\": {}}]"}}, {"model": "admin.logentry", "pk": 51, "fields": {"action_time": "2024-08-29T13:57:47.269Z", "user": 1, "content_type": 11, "object_id": "14", "object_repr": "LessonStepConnection object (14)", "action_flag": 1, "change_message": "[{\"added\": {}}]"}}, {"model": "admin.logentry", "pk": 52, "fields": {"action_time": "2024-08-29T14:12:21.373Z", "user": 1, "content_type": 11, "object_id": "15", "object_repr": "LessonStepConnection object (15)", "action_flag": 1, "change_message": "[{\"added\": {}}]"}}, {"model": "admin.logentry", "pk": 53, "fields": {"action_time": "2024-08-29T14:12:42.776Z", "user": 1, "content_type": 11, "object_id": "15", "object_repr": "LessonStepConnection object (15)", "action_flag": 3, "change_message": ""}}, {"model": "admin.logentry", "pk": 54, "fields": {"action_time": "2024-08-29T14:13:08.342Z", "user": 1, "content_type": 11, "object_id": "14", "object_repr": "LessonStepConnection object (14)", "action_flag": 2, "change_message": "[{\"changed\": {\"fields\": [\"\\u2116 \\u0448\\u0430\\u0433\\u0430 \\u0432 \\u0443\\u0440\\u043e\\u043a\\u0435\"]}}]"}}, {"model": "admin.logentry", "pk": 55, "fields": {"action_time": "2024-08-29T14:14:45.806Z", "user": 1, "content_type": 17, "object_id": "8", "object_repr": "[Шаг][Задача] № 8", "action_flag": 1, "change_message": "[{\"added\": {}}]"}}, {"model": "admin.logentry", "pk": 56, "fields": {"action_time": "2024-08-29T14:14:46.101Z", "user": 1, "content_type": 17, "object_id": "9", "object_repr": "[Шаг][Задача] № 9", "action_flag": 1, "change_message": "[{\"added\": {}}]"}}, {"model": "admin.logentry", "pk": 57, "fields": {"action_time": "2024-08-29T14:14:51.921Z", "user": 1, "content_type": 17, "object_id": "9", "object_repr": "[Шаг][Задача] № 9", "action_flag": 3, "change_message": ""}}, {"model": "admin.logentry", "pk": 58, "fields": {"action_time": "2024-08-29T14:15:00.216Z", "user": 1, "content_type": 11, "object_id": "16", "object_repr": "LessonStepConnection object (16)", "action_flag": 1, "change_message": "[{\"added\": {}}]"}}, {"model": "admin.logentry", "pk": 59, "fields": {"action_time": "2024-08-29T14:15:21.105Z", "user": 1, "content_type": 18, "object_id": "1", "object_repr": "TestForProblemStep object (1)", "action_flag": 1, "change_message": "[{\"added\": {}}]"}}, {"model": "admin.logentry", "pk": 60, "fields": {"action_time": "2024-08-29T14:15:27.692Z", "user": 1, "content_type": 18, "object_id": "2", "object_repr": "TestForProblemStep object (2)", "action_flag": 1, "change_message": "[{\"added\": {}}]"}}, {"model": "admin.logentry", "pk": 61, "fields": {"action_time": "2024-08-29T14:15:34.027Z", "user": 1, "content_type": 18, "object_id": "3", "object_repr": "TestForProblemStep object (3)", "action_flag": 1, "change_message": "[{\"added\": {}}]"}}, {"model": "auth.permission", "pk": 1, "fields": {"name": "Can add log entry", "content_type": 1, "codename": "add_logentry"}}, {"model": "auth.permission", "pk": 2, "fields": {"name": "Can change log entry", "content_type": 1, "codename": "change_logentry"}}, {"model": "auth.permission", "pk": 3, "fields": {"name": "Can delete log entry", "content_type": 1, "codename": "delete_logentry"}}, {"model": "auth.permission", "pk": 4, "fields": {"name": "Can view log entry", "content_type": 1, "codename": "view_logentry"}}, {"model": "auth.permission", "pk": 5, "fields": {"name": "Can add permission", "content_type": 2, "codename": "add_permission"}}, {"model": "auth.permission", "pk": 6, "fields": {"name": "Can change permission", "content_type": 2, "codename": "change_permission"}}, {"model": "auth.permission", "pk": 7, "fields": {"name": "Can delete permission", "content_type": 2, "codename": "delete_permission"}}, {"model": "auth.permission", "pk": 8, "fields": {"name": "Can view permission", "content_type": 2, "codename": "view_permission"}}, {"model": "auth.permission", "pk": 9, "fields": {"name": "Can add group", "content_type": 3, "codename": "add_group"}}, {"model": "auth.permission", "pk": 10, "fields": {"name": "Can change group", "content_type": 3, "codename": "change_group"}}, {"model": "auth.permission", "pk": 11, "fields": {"name": "Can delete group", "content_type": 3, "codename": "delete_group"}}, {"model": "auth.permission", "pk": 12, "fields": {"name": "Can view group", "content_type": 3, "codename": "view_group"}}, {"model": "auth.permission", "pk": 13, "fields": {"name": "Can add content type", "content_type": 4, "codename": "add_contenttype"}}, {"model": "auth.permission", "pk": 14, "fields": {"name": "Can change content type", "content_type": 4, "codename": "change_contenttype"}}, {"model": "auth.permission", "pk": 15, "fields": {"name": "Can delete content type", "content_type": 4, "codename": "delete_contenttype"}}, {"model": "auth.permission", "pk": 16, "fields": {"name": "Can view content type", "content_type": 4, "codename": "view_contenttype"}}, {"model": "auth.permission", "pk": 17, "fields": {"name": "Can add session", "content_type": 5, "codename": "add_session"}}, {"model": "auth.permission", "pk": 18, "fields": {"name": "Can change session", "content_type": 5, "codename": "change_session"}}, {"model": "auth.permission", "pk": 19, "fields": {"name": "Can delete session", "content_type": 5, "codename": "delete_session"}}, {"model": "auth.permission", "pk": 20, "fields": {"name": "Can view session", "content_type": 5, "codename": "view_session"}}, {"model": "auth.permission", "pk": 21, "fields": {"name": "Can add Пользователь [Сайт]", "content_type": 6, "codename": "add_customuser"}}, {"model": "auth.permission", "pk": 22, "fields": {"name": "Can change Пользователь [Сайт]", "content_type": 6, "codename": "change_customuser"}}, {"model": "auth.permission", "pk": 23, "fields": {"name": "Can delete Пользователь [Сайт]", "content_type": 6, "codename": "delete_customuser"}}, {"model": "auth.permission", "pk": 24, "fields": {"name": "Can view Пользователь [Сайт]", "content_type": 6, "codename": "view_customuser"}}, {"model": "auth.permission", "pk": 25, "fields": {"name": "Can add Курс", "content_type": 7, "codename": "add_course"}}, {"model": "auth.permission", "pk": 26, "fields": {"name": "Can change Курс", "content_type": 7, "codename": "change_course"}}, {"model": "auth.permission", "pk": 27, "fields": {"name": "Can delete Курс", "content_type": 7, "codename": "delete_course"}}, {"model": "auth.permission", "pk": 28, "fields": {"name": "Can view Курс", "content_type": 7, "codename": "view_course"}}, {"model": "auth.permission", "pk": 29, "fields": {"name": "Can add Тема", "content_type": 8, "codename": "add_topic"}}, {"model": "auth.permission", "pk": 30, "fields": {"name": "Can change Тема", "content_type": 8, "codename": "change_topic"}}, {"model": "auth.permission", "pk": 31, "fields": {"name": "Can delete Тема", "content_type": 8, "codename": "delete_topic"}}, {"model": "auth.permission", "pk": 32, "fields": {"name": "Can view Тема", "content_type": 8, "codename": "view_topic"}}, {"model": "auth.permission", "pk": 33, "fields": {"name": "Can add Урок", "content_type": 9, "codename": "add_lesson"}}, {"model": "auth.permission", "pk": 34, "fields": {"name": "Can change Урок", "content_type": 9, "codename": "change_lesson"}}, {"model": "auth.permission", "pk": 35, "fields": {"name": "Can delete Урок", "content_type": 9, "codename": "delete_lesson"}}, {"model": "auth.permission", "pk": 36, "fields": {"name": "Can view Урок", "content_type": 9, "codename": "view_lesson"}}, {"model": "auth.permission", "pk": 37, "fields": {"name": "Can add Курс -> Автор", "content_type": 10, "codename": "add_authorcourseenroll"}}, {"model": "auth.permission", "pk": 38, "fields": {"name": "Can change Курс -> Автор", "content_type": 10, "codename": "change_authorcourseenroll"}}, {"model": "auth.permission", "pk": 39, "fields": {"name": "Can delete Курс -> Автор", "content_type": 10, "codename": "delete_authorcourseenroll"}}, {"model": "auth.permission", "pk": 40, "fields": {"name": "Can view Курс -> Автор", "content_type": 10, "codename": "view_authorcourseenroll"}}, {"model": "auth.permission", "pk": 41, "fields": {"name": "Can add Уроки -> Шаг", "content_type": 11, "codename": "add_lessonstepconnection"}}, {"model": "auth.permission", "pk": 42, "fields": {"name": "Can change Уроки -> Шаг", "content_type": 11, "codename": "change_lessonstepconnection"}}, {"model": "auth.permission", "pk": 43, "fields": {"name": "Can delete Уроки -> Шаг", "content_type": 11, "codename": "delete_lessonstepconnection"}}, {"model": "auth.permission", "pk": 44, "fields": {"name": "Can view Уроки -> Шаг", "content_type": 11, "codename": "view_lessonstepconnection"}}, {"model": "auth.permission", "pk": 45, "fields": {"name": "Can add Шаг", "content_type": 12, "codename": "add_step"}}, {"model": "auth.permission", "pk": 46, "fields": {"name": "Can change Шаг", "content_type": 12, "codename": "change_step"}}, {"model": "auth.permission", "pk": 47, "fields": {"name": "Can delete Шаг", "content_type": 12, "codename": "delete_step"}}, {"model": "auth.permission", "pk": 48, "fields": {"name": "Can view Шаг", "content_type": 12, "codename": "view_step"}}, {"model": "auth.permission", "pk": 49, "fields": {"name": "Can add Шаг [Текстовый]", "content_type": 13, "codename": "add_textstep"}}, {"model": "auth.permission", "pk": 50, "fields": {"name": "Can change Шаг [Текстовый]", "content_type": 13, "codename": "change_textstep"}}, {"model": "auth.permission", "pk": 51, "fields": {"name": "Can delete Шаг [Текстовый]", "content_type": 13, "codename": "delete_textstep"}}, {"model": "auth.permission", "pk": 52, "fields": {"name": "Can view Шаг [Текстовый]", "content_type": 13, "codename": "view_textstep"}}, {"model": "auth.permission", "pk": 53, "fields": {"name": "Can add Шаг [Видео]", "content_type": 14, "codename": "add_videostep"}}, {"model": "auth.permission", "pk": 54, "fields": {"name": "Can change Шаг [Видео]", "content_type": 14, "codename": "change_videostep"}}, {"model": "auth.permission", "pk": 55, "fields": {"name": "Can delete Шаг [Видео]", "content_type": 14, "codename": "delete_videostep"}}, {"model": "auth.permission", "pk": 56, "fields": {"name": "Can view Шаг [Видео]", "content_type": 14, "codename": "view_videostep"}}, {"model": "auth.permission", "pk": 57, "fields": {"name": "Can add Шаг [Вопрос]", "content_type": 15, "codename": "add_questionstep"}}, {"model": "auth.permission", "pk": 58, "fields": {"name": "Can change Шаг [Вопрос]", "content_type": 15, "codename": "change_questionstep"}}, {"model": "auth.permission", "pk": 59, "fields": {"name": "Can delete Шаг [Вопрос]", "content_type": 15, "codename": "delete_questionstep"}}, {"model": "auth.permission", "pk": 60, "fields": {"name": "Can view Шаг [Вопрос]", "content_type": 15, "codename": "view_questionstep"}}, {"model": "auth.permission", "pk": 61, "fields": {"name": "Can add Шаг [Вопрос][Ответ]", "content_type": 16, "codename": "add_useranswerforquestionstep"}}, {"model": "auth.permission", "pk": 62, "fields": {"name": "Can change Шаг [Вопрос][Ответ]", "content_type": 16, "codename": "change_useranswerforquestionstep"}}, {"model": "auth.permission", "pk": 63, "fields": {"name": "Can delete Шаг [Вопрос][Ответ]", "content_type": 16, "codename": "delete_useranswerforquestionstep"}}, {"model": "auth.permission", "pk": 64, "fields": {"name": "Can view Шаг [Вопрос][Ответ]", "content_type": 16, "codename": "view_useranswerforquestionstep"}}, {"model": "auth.permission", "pk": 65, "fields": {"name": "Can add Шаг [Программирование]", "content_type": 17, "codename": "add_problemstep"}}, {"model": "auth.permission", "pk": 66, "fields": {"name": "Can change Шаг [Программирование]", "content_type": 17, "codename": "change_problemstep"}}, {"model": "auth.permission", "pk": 67, "fields": {"name": "Can delete Шаг [Программирование]", "content_type": 17, "codename": "delete_problemstep"}}, {"model": "auth.permission", "pk": 68, "fields": {"name": "Can view Шаг [Программирование]", "content_type": 17, "codename": "view_problemstep"}}, {"model": "auth.permission", "pk": 69, "fields": {"name": "Can add Шаг [Программирование][Тест]", "content_type": 18, "codename": "add_testforproblemstep"}}, {"model": "auth.permission", "pk": 70, "fields": {"name": "Can change Шаг [Программирование][Тест]", "content_type": 18, "codename": "change_testforproblemstep"}}, {"model": "auth.permission", "pk": 71, "fields": {"name": "Can delete Шаг [Программирование][Тест]", "content_type": 18, "codename": "delete_testforproblemstep"}}, {"model": "auth.permission", "pk": 72, "fields": {"name": "Can view Шаг [Программирование][Тест]", "content_type": 18, "codename": "view_testforproblemstep"}}, {"model": "auth.permission", "pk": 73, "fields": {"name": "Can add Попытка пользователя", "content_type": 19, "codename": "add_useranswerforproblemstep"}}, {"model": "auth.permission", "pk": 74, "fields": {"name": "Can change Попытка пользователя", "content_type": 19, "codename": "change_useranswerforproblemstep"}}, {"model": "auth.permission", "pk": 75, "fields": {"name": "Can delete Попытка пользователя", "content_type": 19, "codename": "delete_useranswerforproblemstep"}}, {"model": "auth.permission", "pk": 76, "fields": {"name": "Can view Попытка пользователя", "content_type": 19, "codename": "view_useranswerforproblemstep"}}, {"model": "auth.permission", "pk": 77, "fields": {"name": "Can add Результат теста", "content_type": 20, "codename": "add_useranswerfortestforproblemstep"}}, {"model": "auth.permission", "pk": 78, "fields": {"name": "Can change Результат теста", "content_type": 20, "codename": "change_useranswerfortestforproblemstep"}}, {"model": "auth.permission", "pk": 79, "fields": {"name": "Can delete Результат теста", "content_type": 20, "codename": "delete_useranswerfortestforproblemstep"}}, {"model": "auth.permission", "pk": 80, "fields": {"name": "Can view Результат теста", "content_type": 20, "codename": "view_useranswerfortestforproblemstep"}}, {"model": "auth.permission", "pk": 81, "fields": {"name": "Can add Шаг -> Пользователь [Сайт]", "content_type": 21, "codename": "add_userstepenroll"}}, {"model": "auth.permission", "pk": 82, "fields": {"name": "Can change Шаг -> Пользователь [Сайт]", "content_type": 21, "codename": "change_userstepenroll"}}, {"model": "auth.permission", "pk": 83, "fields": {"name": "Can delete Шаг -> Пользователь [Сайт]", "content_type": 21, "codename": "delete_userstepenroll"}}, {"model": "auth.permission", "pk": 84, "fields": {"name": "Can view Шаг -> Пользователь [Сайт]", "content_type": 21, "codename": "view_userstepenroll"}}, {"model": "auth.permission", "pk": 85, "fields": {"name": "Can add Шаг -> Лайк [Сайт]", "content_type": 22, "codename": "add_usersteplike"}}, {"model": "auth.permission", "pk": 86, "fields": {"name": "Can change Шаг -> Лайк [Сайт]", "content_type": 22, "codename": "change_usersteplike"}}, {"model": "auth.permission", "pk": 87, "fields": {"name": "Can delete Шаг -> Лайк [Сайт]", "content_type": 22, "codename": "delete_usersteplike"}}, {"model": "auth.permission", "pk": 88, "fields": {"name": "Can view Шаг -> Лайк [Сайт]", "content_type": 22, "codename": "view_usersteplike"}}, {"model": "auth.permission", "pk": 89, "fields": {"name": "Can add Шаг -> Закладка [Сайт]", "content_type": 23, "codename": "add_userstepbookmark"}}, {"model": "auth.permission", "pk": 90, "fields": {"name": "Can change Шаг -> Закладка [Сайт]", "content_type": 23, "codename": "change_userstepbookmark"}}, {"model": "auth.permission", "pk": 91, "fields": {"name": "Can delete Шаг -> Закладка [Сайт]", "content_type": 23, "codename": "delete_userstepbookmark"}}, {"model": "auth.permission", "pk": 92, "fields": {"name": "Can view Шаг -> Закладка [Сайт]", "content_type": 23, "codename": "view_userstepbookmark"}}, {"model": "auth.permission", "pk": 93, "fields": {"name": "Can add Шаг -> Просмотр [Сайт]", "content_type": 24, "codename": "add_userstepview"}}, {"model": "auth.permission", "pk": 94, "fields": {"name": "Can change Шаг -> Просмотр [Сайт]", "content_type": 24, "codename": "change_userstepview"}}, {"model": "auth.permission", "pk": 95, "fields": {"name": "Can delete Шаг -> Просмотр [Сайт]", "content_type": 24, "codename": "delete_userstepview"}}, {"model": "auth.permission", "pk": 96, "fields": {"name": "Can view Шаг -> Просмотр [Сайт]", "content_type": 24, "codename": "view_userstepview"}}, {"model": "auth.permission", "pk": 97, "fields": {"name": "Can add Шаг [Вопрос][Выбор ответа]", "content_type": 25, "codename": "add_singlechoicequestionstep"}}, {"model": "auth.permission", "pk": 98, "fields": {"name": "Can change Шаг [Вопрос][Выбор ответа]", "content_type": 25, "codename": "change_singlechoicequestionstep"}}, {"model": "auth.permission", "pk": 99, "fields": {"name": "Can delete Шаг [Вопрос][Выбор ответа]", "content_type": 25, "codename": "delete_singlechoicequestionstep"}}, {"model": "auth.permission", "pk": 100, "fields": {"name": "Can view Шаг [Вопрос][Выбор ответа]", "content_type": 25, "codename": "view_singlechoicequestionstep"}}, {"model": "auth.permission", "pk": 101, "fields": {"name": "Can add Шаг [Вопрос][Выбор ответа] -> [Варианты ответа]", "content_type": 26, "codename": "add_answerforsinglechoicequestionstep"}}, {"model": "auth.permission", "pk": 102, "fields": {"name": "Can change Шаг [Вопрос][Выбор ответа] -> [Варианты ответа]", "content_type": 26, "codename": "change_answerforsinglechoicequestionstep"}}, {"model": "auth.permission", "pk": 103, "fields": {"name": "Can delete Шаг [Вопрос][Выбор ответа] -> [Варианты ответа]", "content_type": 26, "codename": "delete_answerforsinglechoicequestionstep"}}, {"model": "auth.permission", "pk": 104, "fields": {"name": "Can view Шаг [Вопрос][Выбор ответа] -> [Варианты ответа]", "content_type": 26, "codename": "view_answerforsinglechoicequestionstep"}}, {"model": "auth.permission", "pk": 105, "fields": {"name": "Can add Шаг [Вопрос][Выбор ответа] -> [Ответ]", "content_type": 27, "codename": "add_useranswerforsinglechoicequestionstep"}}, {"model": "auth.permission", "pk": 106, "fields": {"name": "Can change Шаг [Вопрос][Выбор ответа] -> [Ответ]", "content_type": 27, "codename": "change_useranswerforsinglechoicequestionstep"}}, {"model": "auth.permission", "pk": 107, "fields": {"name": "Can delete Шаг [Вопрос][Выбор ответа] -> [Ответ]", "content_type": 27, "codename": "delete_useranswerforsinglechoicequestionstep"}}, {"model": "auth.permission", "pk": 108, "fields": {"name": "Can view Шаг [Вопрос][Выбор ответа] -> [Ответ]", "content_type": 27, "codename": "view_useranswerforsinglechoicequestionstep"}}, {"model": "auth.permission", "pk": 109, "fields": {"name": "Can add Семинар", "content_type": 28, "codename": "add_seminar"}}, {"model": "auth.permission", "pk": 110, "fields": {"name": "Can change Семинар", "content_type": 28, "codename": "change_seminar"}}, {"model": "auth.permission", "pk": 111, "fields": {"name": "Can delete Семинар", "content_type": 28, "codename": "delete_seminar"}}, {"model": "auth.permission", "pk": 112, "fields": {"name": "Can view Семинар", "content_type": 28, "codename": "view_seminar"}}, {"model": "auth.permission", "pk": 113, "fields": {"name": "Can add Студент -> Курс", "content_type": 29, "codename": "add_usercourseenroll"}}, {"model": "auth.permission", "pk": 114, "fields": {"name": "Can change Студент -> Курс", "content_type": 29, "codename": "change_usercourseenroll"}}, {"model": "auth.permission", "pk": 115, "fields": {"name": "Can delete Студент -> Курс", "content_type": 29, "codename": "delete_usercourseenroll"}}, {"model": "auth.permission", "pk": 116, "fields": {"name": "Can view Студент -> Курс", "content_type": 29, "codename": "view_usercourseenroll"}}, {"model": "auth.permission", "pk": 117, "fields": {"name": "Can add Студент -> Домашнее задание", "content_type": 30, "codename": "add_userhomeworkenroll"}}, {"model": "auth.permission", "pk": 118, "fields": {"name": "Can change Студент -> Домашнее задание", "content_type": 30, "codename": "change_userhomeworkenroll"}}, {"model": "auth.permission", "pk": 119, "fields": {"name": "Can delete Студент -> Домашнее задание", "content_type": 30, "codename": "delete_userhomeworkenroll"}}, {"model": "auth.permission", "pk": 120, "fields": {"name": "Can view Студент -> Домашнее задание", "content_type": 30, "codename": "view_userhomeworkenroll"}}, {"model": "auth.permission", "pk": 121, "fields": {"name": "Can add Студент -> Семинар", "content_type": 31, "codename": "add_userseminarenroll"}}, {"model": "auth.permission", "pk": 122, "fields": {"name": "Can change Студент -> Семинар", "content_type": 31, "codename": "change_userseminarenroll"}}, {"model": "auth.permission", "pk": 123, "fields": {"name": "Can delete Студент -> Семинар", "content_type": 31, "codename": "delete_userseminarenroll"}}, {"model": "auth.permission", "pk": 124, "fields": {"name": "Can view Студент -> Семинар", "content_type": 31, "codename": "view_userseminarenroll"}}, {"model": "auth.permission", "pk": 125, "fields": {"name": "Can add Коллекция заданий", "content_type": 32, "codename": "add_collection"}}, {"model": "auth.permission", "pk": 126, "fields": {"name": "Can change Коллекция заданий", "content_type": 32, "codename": "change_collection"}}, {"model": "auth.permission", "pk": 127, "fields": {"name": "Can delete Коллекция заданий", "content_type": 32, "codename": "delete_collection"}}, {"model": "auth.permission", "pk": 128, "fields": {"name": "Can view Коллекция заданий", "content_type": 32, "codename": "view_collection"}}, {"model": "auth.permission", "pk": 129, "fields": {"name": "Can add Коллекция заданий -> Шаг", "content_type": 33, "codename": "add_collectionstepconnection"}}, {"model": "auth.permission", "pk": 130, "fields": {"name": "Can change Коллекция заданий -> Шаг", "content_type": 33, "codename": "change_collectionstepconnection"}}, {"model": "auth.permission", "pk": 131, "fields": {"name": "Can delete Коллекция заданий -> Шаг", "content_type": 33, "codename": "delete_collectionstepconnection"}}, {"model": "auth.permission", "pk": 132, "fields": {"name": "Can view Коллекция заданий -> Шаг", "content_type": 33, "codename": "view_collectionstepconnection"}}, {"model": "contenttypes.contenttype", "pk": 1, "fields": {"app_label": "admin", "model": "logentry"}}, {"model": "contenttypes.contenttype", "pk": 2, "fields": {"app_label": "auth", "model": "permission"}}, {"model": "contenttypes.contenttype", "pk": 3, "fields": {"app_label": "auth", "model": "group"}}, {"model": "contenttypes.contenttype", "pk": 4, "fields": {"app_label": "contenttypes", "model": "contenttype"}}, {"model": "contenttypes.contenttype", "pk": 5, "fields": {"app_label": "sessions", "model": "session"}}, {"model": "contenttypes.contenttype", "pk": 6, "fields": {"app_label": "users", "model": "customuser"}}, {"model": "contenttypes.contenttype", "pk": 7, "fields": {"app_label": "courses", "model": "course"}}, {"model": "contenttypes.contenttype", "pk": 8, "fields": {"app_label": "courses", "model": "topic"}}, {"model": "contenttypes.contenttype", "pk": 9, "fields": {"app_label": "courses", "model": "lesson"}}, {"model": "contenttypes.contenttype", "pk": 10, "fields": {"app_label": "courses", "model": "authorcourseenroll"}}, {"model": "contenttypes.contenttype", "pk": 11, "fields": {"app_label": "courses", "model": "lessonstepconnection"}}, {"model": "contenttypes.contenttype", "pk": 12, "fields": {"app_label": "steps", "model": "step"}}, {"model": "contenttypes.contenttype", "pk": 13, "fields": {"app_label": "steps", "model": "textstep"}}, {"model": "contenttypes.contenttype", "pk": 14, "fields": {"app_label": "steps", "model": "videostep"}}, {"model": "contenttypes.contenttype", "pk": 15, "fields": {"app_label": "steps", "model": "questionstep"}}, {"model": "contenttypes.contenttype", "pk": 16, "fields": {"app_label": "steps", "model": "useranswerforquestionstep"}}, {"model": "contenttypes.contenttype", "pk": 17, "fields": {"app_label": "steps", "model": "problemstep"}}, {"model": "contenttypes.contenttype", "pk": 18, "fields": {"app_label": "steps", "model": "testforproblemstep"}}, {"model": "contenttypes.contenttype", "pk": 19, "fields": {"app_label": "steps", "model": "useranswerforproblemstep"}}, {"model": "contenttypes.contenttype", "pk": 20, "fields": {"app_label": "steps", "model": "useranswerfortestforproblemstep"}}, {"model": "contenttypes.contenttype", "pk": 21, "fields": {"app_label": "steps", "model": "userstepenroll"}}, {"model": "contenttypes.contenttype", "pk": 22, "fields": {"app_label": "steps", "model": "usersteplike"}}, {"model": "contenttypes.contenttype", "pk": 23, "fields": {"app_label": "steps", "model": "userstepbookmark"}}, {"model": "contenttypes.contenttype", "pk": 24, "fields": {"app_label": "steps", "model": "userstepview"}}, {"model": "contenttypes.contenttype", "pk": 25, "fields": {"app_label": "steps", "model": "singlechoicequestionstep"}}, {"model": "contenttypes.contenttype", "pk": 26, "fields": {"app_label": "steps", "model": "answerforsinglechoicequestionstep"}}, {"model": "contenttypes.contenttype", "pk": 27, "fields": {"app_label": "steps", "model": "useranswerforsinglechoicequestionstep"}}, {"model": "contenttypes.contenttype", "pk": 28, "fields": {"app_label": "seminars", "model": "seminar"}}, {"model": "contenttypes.contenttype", "pk": 29, "fields": {"app_label": "dashboard", "model": "usercourseenroll"}}, {"model": "contenttypes.contenttype", "pk": 30, "fields": {"app_label": "dashboard", "model": "userhomeworkenroll"}}, {"model": "contenttypes.contenttype", "pk": 31, "fields": {"app_label": "dashboard", "model": "userseminarenroll"}}, {"model": "contenttypes.contenttype", "pk": 32, "fields": {"app_label": "collections", "model": "collection"}}, {"model": "contenttypes.contenttype", "pk": 33, "fields": {"app_label": "collections", "model": "collectionstepconnection"}}, {"model": "sessions.session", "pk": "gv31ij5ud7hkpjjt0lxwxwfys932f3zp", "fields": {"session_data": ".eJxVjEEOwiAQRe_C2pAOlKG4dO8ZyDCAVA0kpV0Z765NutDtf-_9l_C0rcVvPS1-juIsQJx-t0D8SHUH8U711iS3ui5zkLsiD9rltcX0vBzu30GhXr61dY6dSXnUSDpYhWimFBkAoyYGCwhZQSZmnHQejR1UUjBkNgYwaxLvD9RCN3E:1sjfLs:1MCNpSmkiQc4ZfClef4umV9PLerq9iwacxQpC5GotnA", "expire_date": "2024-09-12T13:38:16.776Z"}}, {"model": "users.customuser", "pk": 1, "fields": {"password": "pbkdf2_sha256$720000$Ok66eTKYk14AzSIkYKGrGI$h1ln6qHT6nNTVC3J2ntMRJSzY398Ndk2edKoDqlh8l8=", "last_login": "2024-08-29T13:38:16.769Z", "is_superuser": true, "created_at": "2024-08-29T13:36:39.994Z", "updated_at": "2024-08-29T13:39:54.740Z", "first_name": "Админ", "last_name": "Админский", "email": "admin@admin.com", "icon": "", "is_staff": true, "is_active": true, "status": "student", "groups": [], "user_permissions": []}}, {"model": "courses.course", "pk": 1, "fields": {"created_at": "2024-08-29T13:38:32.993Z", "updated_at": "2024-08-29T13:38:32.993Z", "title": "Курс № 1", "is_published": true, "icon": "icon/course/screen.png", "description": "Описание курса № 1"}}, {"model": "courses.topic", "pk": 1, "fields": {"created_at": "2024-08-29T13:38:39.627Z", "updated_at": "2024-08-29T13:38:39.627Z", "title": "Тема № 1", "is_published": true, "course": 1, "number": 1}}, {"model": "courses.topic", "pk": 2, "fields": {"created_at": "2024-08-29T13:38:44.201Z", "updated_at": "2024-08-29T13:38:44.201Z", "title": "Тема № 2", "is_published": true, "course": 1, "number": 2}}, {"model": "courses.topic", "pk": 3, "fields": {"created_at": "2024-08-29T13:38:49.334Z", "updated_at": "2024-08-29T13:38:49.334Z", "title": "Тема № 3", "is_published": true, "course": 1, "number": 3}}, {"model": "courses.lesson", "pk": 1, "fields": {"created_at": "2024-08-29T13:38:55.813Z", "updated_at": "2024-08-29T13:38:55.813Z", "title": "Урок № 1", "is_published": true, "topic": 1, "number": 1}}, {"model": "courses.lesson", "pk": 2, "fields": {"created_at": "2024-08-29T13:38:59.942Z", "updated_at": "2024-08-29T13:38:59.942Z", "title": "Урок № 2", "is_published": true, "topic": 1, "number": 2}}, {"model": "courses.lesson", "pk": 3, "fields": {"created_at": "2024-08-29T13:39:21.411Z", "updated_at": "2024-08-29T13:39:21.411Z", "title": "Урок № 3", "is_published": true, "topic": 1, "number": 3}}, {"model": "courses.lesson", "pk": 4, "fields": {"created_at": "2024-08-29T13:39:30.707Z", "updated_at": "2024-08-29T13:39:30.708Z", "title": "Урок № 4", "is_published": true, "topic": 2, "number": 1}}, {"model": "courses.lesson", "pk": 5, "fields": {"created_at": "2024-08-29T13:39:35.955Z", "updated_at": "2024-08-29T13:39:35.955Z", "title": "Урок № 5", "is_published": true, "topic": 2, "number": 2}}, {"model": "courses.lessonstepconnection", "pk": 8, "fields": {"created_at": "2024-08-29T13:57:25.529Z", "updated_at": "2024-08-29T13:57:25.529Z", "lesson": 1, "step": 1, "is_published": true, "number": 1, "attempts": -1}}, {"model": "courses.lessonstepconnection", "pk": 9, "fields": {"created_at": "2024-08-29T13:57:28.522Z", "updated_at": "2024-08-29T13:57:28.522Z", "lesson": 1, "step": 2, "is_published": true, "number": 2, "attempts": -1}}, {"model": "courses.lessonstepconnection", "pk": 10, "fields": {"created_at": "2024-08-29T13:57:31.882Z", "updated_at": "2024-08-29T13:57:31.882Z", "lesson": 1, "step": 3, "is_published": true, "number": 3, "attempts": -1}}, {"model": "courses.lessonstepconnection", "pk": 11, "fields": {"created_at": "2024-08-29T13:57:35.376Z", "updated_at": "2024-08-29T13:57:35.376Z", "lesson": 1, "step": 4, "is_published": true, "number": 4, "attempts": -1}}, {"model": "courses.lessonstepconnection", "pk": 12, "fields": {"created_at": "2024-08-29T13:57:38.947Z", "updated_at": "2024-08-29T13:57:38.947Z", "lesson": 1, "step": 5, "is_published": true, "number": 5, "attempts": -1}}, {"model": "courses.lessonstepconnection", "pk": 13, "fields": {"created_at": "2024-08-29T13:57:42.360Z", "updated_at": "2024-08-29T13:57:42.360Z", "lesson": 1, "step": 6, "is_published": true, "number": 6, "attempts": -1}}, {"model": "courses.lessonstepconnection", "pk": 14, "fields": {"created_at": "2024-08-29T13:57:47.268Z", "updated_at": "2024-08-29T14:13:08.341Z", "lesson": 1, "step": 7, "is_published": true, "number": 10, "attempts": -1}}, {"model": "courses.lessonstepconnection", "pk": 16, "fields": {"created_at": "2024-08-29T14:15:00.215Z", "updated_at": "2024-08-29T14:15:00.215Z", "lesson": 1, "step": 8, "is_published": true, "number": 1000, "attempts": -1}}, {"model": "steps.step", "pk": 1, "fields": {"created_at": "2024-08-29T13:46:38.475Z", "updated_at": "2024-08-29T14:13:44.644Z", "title": "Текстовый материал № 1", "is_published": true, "liked_by": 1, "bookmarked_by": 0, "viewed_by": 11}}, {"model": "steps.step", "pk": 2, "fields": {"created_at": "2024-08-29T13:48:07.899Z", "updated_at": "2024-08-29T14:13:12.602Z", "title": "Текстовый шаг № 2", "is_published": true, "liked_by": 0, "bookmarked_by": 0, "viewed_by": 7}}, {"model": "steps.step", "pk": 3, "fields": {"created_at": "2024-08-29T13:49:55.083Z", "updated_at": "2024-08-29T14:13:13.011Z", "title": "Видео урок № 1", "is_published": true, "liked_by": 0, "bookmarked_by": 0, "viewed_by": 6}}, {"model": "steps.step", "pk": 4, "fields": {"created_at": "2024-08-29T13:50:01.121Z", "updated_at": "2024-08-29T14:13:13.323Z", "title": "Видео урок № 2", "is_published": true, "liked_by": 0, "bookmarked_by": 0, "viewed_by": 7}}, {"model": "steps.step", "pk": 5, "fields": {"created_at": "2024-08-29T13:51:53.056Z", "updated_at": "2024-08-29T14:11:44.759Z", "title": null, "is_published": true, "liked_by": 0, "bookmarked_by": 0, "viewed_by": 7}}, {"model": "steps.step", "pk": 6, "fields": {"created_at": "2024-08-29T13:54:57.158Z", "updated_at": "2024-08-29T14:13:10.383Z", "title": "Вопрос о мельницах", "is_published": true, "liked_by": 0, "bookmarked_by": 0, "viewed_by": 8}}, {"model": "steps.step", "pk": 7, "fields": {"created_at": "2024-08-29T13:56:09.790Z", "updated_at": "2024-08-29T14:15:46.929Z", "title": "Выбрери правильный", "is_published": true, "liked_by": 0, "bookmarked_by": 0, "viewed_by": 5}}, {"model": "steps.step", "pk": 8, "fields": {"created_at": "2024-08-29T14:14:45.791Z", "updated_at": "2024-08-29T14:15:44.373Z", "title": "Задачка на программирование", "is_published": true, "liked_by": 0, "bookmarked_by": 0, "viewed_by": 3}}, {"model": "steps.textstep", "pk": 1, "fields": {"text": {"time": 1714476487200, "blocks": [{"id": "mhTl6ghSkV", "data": {"text": "Также как укрепление и развитие внутренней структуры позволяет выполнить важные задания по разработке модели развития. Вот вам яркий пример современных тенденций — консультация с широким активом обеспечивает актуальность существующих финансовых и административных условий. Мы вынуждены отталкиваться от того, что выбранный нами инновационный путь является качественно новой ступенью благоприятных перспектив. С учётом сложившейся международной обстановки, граница обучения кадров играет важную роль в формировании кластеризации усилий. В своём стремлении повысить качество жизни, они забывают, что начало повседневной работы по формированию позиции предполагает независимые способы реализации инновационных методов управления процессами."}, "type": "paragraph"}, {"id": "mhTl6ghSkV", "data": {"text": "Также как укрепление и развитие внутренней структуры позволяет выполнить важные задания по разработке модели развития. Вот вам яркий пример современных тенденций — консультация с широким активом обеспечивает актуальность существующих финансовых и административных условий. Мы вынуждены отталкиваться от того, что выбранный нами инновационный путь является качественно новой ступенью благоприятных перспектив. С учётом сложившейся международной обстановки, граница обучения кадров играет важную роль в формировании кластеризации усилий. В своём стремлении повысить качество жизни, они забывают, что начало повседневной работы по формированию позиции предполагает независимые способы реализации инновационных методов управления процессами."}, "type": "paragraph"}, {"id": "mhTl6ghSkV", "data": {"text": "Также как укрепление и развитие внутренней структуры позволяет выполнить важные задания по разработке модели развития. Вот вам яркий пример современных тенденций — консультация с широким активом обеспечивает актуальность существующих финансовых и административных условий. Мы вынуждены отталкиваться от того, что выбранный нами инновационный путь является качественно новой ступенью благоприятных перспектив. С учётом сложившейся международной обстановки, граница обучения кадров играет важную роль в формировании кластеризации усилий. В своём стремлении повысить качество жизни, они забывают, что начало повседневной работы по формированию позиции предполагает независимые способы реализации инновационных методов управления процессами."}, "type": "paragraph"}, {"id": "mhTl6ghSkV", "data": {"text": "Также как укрепление и развитие внутренней структуры позволяет выполнить важные задания по разработке модели развития. Вот вам яркий пример современных тенденций — консультация с широким активом обеспечивает актуальность существующих финансовых и административных условий. Мы вынуждены отталкиваться от того, что выбранный нами инновационный путь является качественно новой ступенью благоприятных перспектив. С учётом сложившейся международной обстановки, граница обучения кадров играет важную роль в формировании кластеризации усилий. В своём стремлении повысить качество жизни, они забывают, что начало повседневной работы по формированию позиции предполагает независимые способы реализации инновационных методов управления процессами."}, "type": "paragraph"}]}}}, {"model": "steps.textstep", "pk": 2, "fields": {"text": {"time": 1714476487200, "blocks": [{"id": "mhTl6ghSkV", "data": {"text": "Предварительные выводы неутешительны: начало повседневной работы по формированию позиции требует от нас анализа поэтапного и последовательного развития общества. Для современного мира убеждённость некоторых оппонентов, а также свежий взгляд на привычные вещи — безусловно открывает новые горизонты для анализа существующих паттернов поведения."}, "type": "paragraph"}, {"id": "mhTl6ghSkV", "data": {"text": "Учитывая ключевые сценарии поведения, консультация с широким активом не даёт нам иного выбора, кроме определения новых принципов формирования материально-технической и кадровой базы. Не следует, однако, забывать, что начало повседневной работы по формированию позиции прекрасно подходит для реализации инновационных методов управления процессами."}, "type": "paragraph"}, {"id": "mhTl6ghSkV", "data": {"text": "Приятно, граждане, наблюдать, как сделанные на базе интернет-аналитики выводы могут быть ассоциативно распределены по отраслям. Принимая во внимание показатели успешности, высокое качество позиционных исследований требует определения и уточнения модели развития. Однозначно, представители современных социальных резервов ассоциативно распределены по отраслям. Для современного мира постоянное информационно-пропагандистское обеспечение нашей деятельности однозначно определяет каждого участника как способного принимать собственные решения касаемо первоочередных требований. Являясь всего лишь частью общей картины, представители современных социальных резервов призывают нас к новым свершениям, которые, в свою очередь, должны быть превращены в посмешище, хотя само их существование приносит несомненную пользу обществу."}, "type": "paragraph"}, {"id": "mhTl6ghSkV", "data": {"text": "А ещё сделанные на базе интернет-аналитики выводы лишь добавляют фракционных разногласий и объявлены нарушающими общечеловеческие нормы этики и морали. В своём стремлении улучшить пользовательский опыт мы упускаем, что сторонники тоталитаризма в науке лишь добавляют фракционных разногласий и объединены в целые кластеры себе подобных. В своём стремлении улучшить пользовательский опыт мы упускаем, что некоторые особенности внутренней политики формируют глобальную экономическую сеть и при этом — превращены в посмешище, хотя само их существование приносит несомненную пользу обществу. Есть над чем задуматься: элементы политического процесса набирают популярность среди определенных слоев населения, а значит, должны быть указаны как претенденты на роль ключевых факторов. Высокий уровень вовлечения представителей целевой аудитории является четким доказательством простого факта: убеждённость некоторых оппонентов влечет за собой процесс внедрения и модернизации укрепления моральных ценностей. Приятно, граждане, наблюдать, как базовые сценарии поведения пользователей формируют глобальную экономическую сеть и при этом — функционально разнесены на независимые элементы. Ясность нашей позиции очевидна: сплочённость команды профессионалов способствует подготовке и реализации как самодостаточных, так и внешне зависимых концептуальных решений. Принимая во внимание показатели успешности, перспективное планирование требует анализа как самодостаточных, так и внешне зависимых концептуальных решений."}, "type": "paragraph"}]}}}, {"model": "steps.videostep", "pk": 3, "fields": {"video_url": "https://www.youtube.com/embed/gADeuQfaR_M"}}, {"model": "steps.videostep", "pk": 4, "fields": {"video_url": "https://www.youtube.com/embed/gwaSTCLEewY"}}, {"model": "steps.questionstep", "pk": 5, "fields": {"text": {"time": 1714476487200, "blocks": [{"id": "mhTl6ghSkV", "data": {"text": "Учитывая ключевые сценарии поведения, консультация с широким активом не даёт нам иного выбора, кроме определения новых принципов формирования материально-технической и кадровой базы. Не следует, однако, забывать, что начало повседневной работы по формированию позиции прекрасно подходит для реализации инновационных методов управления процессами."}, "type": "paragraph"}, {"id": "mhTl6ghSkV", "data": {"text": "Предварительные выводы неутешительны: начало повседневной работы по формированию позиции требует от нас анализа поэтапного и последовательного развития общества. Для современного мира убеждённость некоторых оппонентов, а также свежий взгляд на привычные вещи — безусловно открывает новые горизонты для анализа существующих паттернов поведения."}, "type": "paragraph"}]}, "answer": "1000"}}, {"model": "steps.questionstep", "pk": 6, "fields": {"text": {"time": 1714476487200, "blocks": [{"id": "mhTl6ghSkV", "data": {"text": "В своём стремлении повысить качество жизни, они забывают, что убеждённость некоторых оппонентов напрямую зависит от распределения внутренних резервов и ресурсов. Учитывая ключевые сценарии поведения, курс на социально-ориентированный национальный проект требует анализа прогресса профессионального сообщества."}, "type": "paragraph"}, {"id": "mhTl6ghSkV", "data": {"file": {"url": "https://img.freepik.com/free-photo/beautiful-domestic-cat-laying-on-a-fence_181624-43207.jpg"}}, "type": "image"}]}, "answer": "2000"}}, {"model": "steps.singlechoicequestionstep", "pk": 7, "fields": {"text": {"time": 1714476487200, "blocks": [{"id": "mhTl6ghSkV", "data": {"text": "В своём стремлении повысить качество жизни, они забывают, что убеждённость некоторых оппонентов напрямую зависит от распределения внутренних резервов и ресурсов. Учитывая ключевые сценарии поведения, курс на социально-ориентированный национальный проект требует анализа прогресса профессионального сообщества."}, "type": "paragraph"}, {"id": "mhTl6ghSkV", "data": {"file": {"url": "https://img.freepik.com/free-photo/beautiful-domestic-cat-laying-on-a-fence_181624-43207.jpg"}}, "type": "image"}]}}}, {"model": "steps.answerforsinglechoicequestionstep", "pk": 1, "fields": {"created_at": "2024-08-29T13:56:20.734Z", "updated_at": "2024-08-29T13:56:20.734Z", "answer": "20", "question": 7, "is_correct": true}}, {"model": "steps.answerforsinglechoicequestionstep", "pk": 2, "fields": {"created_at": "2024-08-29T13:56:26.083Z", "updated_at": "2024-08-29T13:56:26.083Z", "answer": "30", "question": 7, "is_correct": true}}, {"model": "steps.answerforsinglechoicequestionstep", "pk": 3, "fields": {"created_at": "2024-08-29T13:56:30.822Z", "updated_at": "2024-08-29T13:56:30.822Z", "answer": "499", "question": 7, "is_correct": false}}, {"model": "steps.useranswerforsinglechoicequestionstep", "pk": 1, "fields": {"created_at": "2024-08-29T13:56:52.251Z", "updated_at": "2024-08-29T13:56:52.256Z", "user": 1, "question": 7, "answer": 1}}, {"model": "steps.problemstep", "pk": 8, "fields": {"text": {"time": 1714476487200, "blocks": [{"id": "mhTl6ghSkV", "data": {"text": "В своём стремлении повысить качество жизни, они забывают, что убеждённость некоторых оппонентов напрямую зависит от распределения внутренних резервов и ресурсов. Учитывая ключевые сценарии поведения, курс на социально-ориентированный национальный проект требует анализа прогресса профессионального сообщества."}, "type": "paragraph"}]}, "input": {"time": 1714476487200, "blocks": [{"id": "mhTl6ghSkV", "data": {"text": "В своём стремлении повысить качество жизни, они забывают, что убеждённость некоторых оппонентов напрямую зависит от распределения внутренних резервов и ресурсов. Учитывая ключевые сценарии поведения, курс на социально-ориентированный национальный проект требует анализа прогресса профессионального сообщества."}, "type": "paragraph"}]}, "output": {"time": 1714476487200, "blocks": [{"id": "mhTl6ghSkV", "data": {"text": "В своём стремлении повысить качество жизни, они забывают, что убеждённость некоторых оппонентов напрямую зависит от распределения внутренних резервов и ресурсов. Учитывая ключевые сценарии поведения, курс на социально-ориентированный национальный проект требует анализа прогресса профессионального сообщества."}, "type": "paragraph"}]}, "notes": {"time": 1714476487200, "blocks": [{"id": "mhTl6ghSkV", "data": {"text": "В своём стремлении повысить качество жизни, они забывают, что убеждённость некоторых оппонентов напрямую зависит от распределения внутренних резервов и ресурсов. Учитывая ключевые сценарии поведения, курс на социально-ориентированный национальный проект требует анализа прогресса профессионального сообщества."}, "type": "paragraph"}]}, "start_code": "", "first_sample": 1, "last_sample": 3, "first_test": 1, "cpu_time": 1, "memory": 64}}, {"model": "steps.testforproblemstep", "pk": 1, "fields": {"created_at": "2024-08-29T14:15:21.103Z", "updated_at": "2024-08-29T14:15:21.103Z", "problem": 8, "number": 1, "input": "2\r\n2", "output": "4"}}, {"model": "steps.testforproblemstep", "pk": 2, "fields": {"created_at": "2024-08-29T14:15:27.691Z", "updated_at": "2024-08-29T14:15:27.691Z", "problem": 8, "number": 2, "input": "3\r\n3", "output": "6"}}, {"model": "steps.testforproblemstep", "pk": 3, "fields": {"created_at": "2024-08-29T14:15:34.026Z", "updated_at": "2024-08-29T14:15:34.026Z", "problem": 8, "number": 3, "input": "10\r\n10", "output": "20"}}, {"model": "steps.userstepenroll", "pk": 8, "fields": {"created_at": "2024-08-29T13:57:50.461Z", "updated_at": "2024-08-29T13:57:50.461Z", "user": 1, "step": 1, "status": "PR"}}, {"model": "steps.userstepenroll", "pk": 9, "fields": {"created_at": "2024-08-29T14:11:24.724Z", "updated_at": "2024-08-29T14:11:24.724Z", "user": 1, "step": 2, "status": "PR"}}, {"model": "steps.userstepenroll", "pk": 10, "fields": {"created_at": "2024-08-29T14:11:25.083Z", "updated_at": "2024-08-29T14:11:25.083Z", "user": 1, "step": 3, "status": "PR"}}, {"model": "steps.userstepenroll", "pk": 11, "fields": {"created_at": "2024-08-29T14:11:25.389Z", "updated_at": "2024-08-29T14:11:25.389Z", "user": 1, "step": 4, "status": "PR"}}, {"model": "steps.userstepenroll", "pk": 12, "fields": {"created_at": "2024-08-29T14:11:25.866Z", "updated_at": "2024-08-29T14:11:25.866Z", "user": 1, "step": 5, "status": "PR"}}, {"model": "steps.userstepenroll", "pk": 13, "fields": {"created_at": "2024-08-29T14:11:26.502Z", "updated_at": "2024-08-29T14:11:26.502Z", "user": 1, "step": 6, "status": "PR"}}, {"model": "steps.userstepenroll", "pk": 14, "fields": {"created_at": "2024-08-29T14:13:48.553Z", "updated_at": "2024-08-29T14:13:48.553Z", "user": 1, "step": 7, "status": "PR"}}, {"model": "steps.userstepenroll", "pk": 15, "fields": {"created_at": "2024-08-29T14:15:03.595Z", "updated_at": "2024-08-29T14:15:03.595Z", "user": 1, "step": 8, "status": "PR"}}, {"model": "steps.usersteplike", "pk": 2, "fields": {"created_at": "2024-08-29T13:48:40.166Z", "updated_at": "2024-08-29T13:48:40.166Z", "user": 1, "step": 1, "source": "LMS"}}, {"model": "steps.userstepview", "pk": 1, "fields": {"created_at": "2024-08-29T13:48:30.263Z", "updated_at": "2024-08-29T13:48:30.263Z", "user": 1, "step": 1, "source": "LMS"}}, {"model": "steps.userstepview", "pk": 2, "fields": {"created_at": "2024-08-29T13:50:14.239Z", "updated_at": "2024-08-29T13:50:14.239Z", "user": 1, "step": 1, "source": "LMS"}}, {"model": "steps.userstepview", "pk": 3, "fields": {"created_at": "2024-08-29T13:50:14.851Z", "updated_at": "2024-08-29T13:50:14.851Z", "user": 1, "step": 3, "source": "LMS"}}, {"model": "steps.userstepview", "pk": 4, "fields": {"created_at": "2024-08-29T13:50:17.334Z", "updated_at": "2024-08-29T13:50:17.334Z", "user": 1, "step": 4, "source": "LMS"}}, {"model": "steps.userstepview", "pk": 5, "fields": {"created_at": "2024-08-29T13:50:45.036Z", "updated_at": "2024-08-29T13:50:45.036Z", "user": 1, "step": 4, "source": "LMS"}}, {"model": "steps.userstepview", "pk": 6, "fields": {"created_at": "2024-08-29T13:50:45.423Z", "updated_at": "2024-08-29T13:50:45.423Z", "user": 1, "step": 1, "source": "LMS"}}, {"model": "steps.userstepview", "pk": 7, "fields": {"created_at": "2024-08-29T13:51:07.975Z", "updated_at": "2024-08-29T13:51:07.975Z", "user": 1, "step": 2, "source": "LMS"}}, {"model": "steps.userstepview", "pk": 8, "fields": {"created_at": "2024-08-29T13:51:22.976Z", "updated_at": "2024-08-29T13:51:22.976Z", "user": 1, "step": 2, "source": "LMS"}}, {"model": "steps.userstepview", "pk": 9, "fields": {"created_at": "2024-08-29T13:52:03.514Z", "updated_at": "2024-08-29T13:52:03.514Z", "user": 1, "step": 2, "source": "LMS"}}, {"model": "steps.userstepview", "pk": 10, "fields": {"created_at": "2024-08-29T13:52:04.261Z", "updated_at": "2024-08-29T13:52:04.261Z", "user": 1, "step": 5, "source": "LMS"}}, {"model": "steps.userstepview", "pk": 11, "fields": {"created_at": "2024-08-29T13:55:04.341Z", "updated_at": "2024-08-29T13:55:04.341Z", "user": 1, "step": 5, "source": "LMS"}}, {"model": "steps.userstepview", "pk": 12, "fields": {"created_at": "2024-08-29T13:55:05.146Z", "updated_at": "2024-08-29T13:55:05.146Z", "user": 1, "step": 6, "source": "LMS"}}, {"model": "steps.userstepview", "pk": 13, "fields": {"created_at": "2024-08-29T13:55:10.200Z", "updated_at": "2024-08-29T13:55:10.200Z", "user": 1, "step": 1, "source": "LMS"}}, {"model": "steps.userstepview", "pk": 14, "fields": {"created_at": "2024-08-29T13:55:10.631Z", "updated_at": "2024-08-29T13:55:10.631Z", "user": 1, "step": 2, "source": "LMS"}}, {"model": "steps.userstepview", "pk": 15, "fields": {"created_at": "2024-08-29T13:55:11.072Z", "updated_at": "2024-08-29T13:55:11.072Z", "user": 1, "step": 3, "source": "LMS"}}, {"model": "steps.userstepview", "pk": 16, "fields": {"created_at": "2024-08-29T13:55:11.482Z", "updated_at": "2024-08-29T13:55:11.482Z", "user": 1, "step": 4, "source": "LMS"}}, {"model": "steps.userstepview", "pk": 17, "fields": {"created_at": "2024-08-29T13:55:11.946Z", "updated_at": "2024-08-29T13:55:11.946Z", "user": 1, "step": 5, "source": "LMS"}}, {"model": "steps.userstepview", "pk": 18, "fields": {"created_at": "2024-08-29T13:55:12.426Z", "updated_at": "2024-08-29T13:55:12.426Z", "user": 1, "step": 6, "source": "LMS"}}, {"model": "steps.userstepview", "pk": 19, "fields": {"created_at": "2024-08-29T13:55:12.915Z", "updated_at": "2024-08-29T13:55:12.915Z", "user": 1, "step": 1, "source": "LMS"}}, {"model": "steps.userstepview", "pk": 20, "fields": {"created_at": "2024-08-29T13:55:14.416Z", "updated_at": "2024-08-29T13:55:14.416Z", "user": 1, "step": 2, "source": "LMS"}}, {"model": "steps.userstepview", "pk": 21, "fields": {"created_at": "2024-08-29T13:55:28.700Z", "updated_at": "2024-08-29T13:55:28.700Z", "user": 1, "step": 3, "source": "LMS"}}, {"model": "steps.userstepview", "pk": 22, "fields": {"created_at": "2024-08-29T13:55:32.721Z", "updated_at": "2024-08-29T13:55:32.721Z", "user": 1, "step": 4, "source": "LMS"}}, {"model": "steps.userstepview", "pk": 23, "fields": {"created_at": "2024-08-29T13:55:33.809Z", "updated_at": "2024-08-29T13:55:33.809Z", "user": 1, "step": 5, "source": "LMS"}}, {"model": "steps.userstepview", "pk": 24, "fields": {"created_at": "2024-08-29T13:56:46.515Z", "updated_at": "2024-08-29T13:56:46.515Z", "user": 1, "step": 5, "source": "LMS"}}, {"model": "steps.userstepview", "pk": 25, "fields": {"created_at": "2024-08-29T13:56:47.123Z", "updated_at": "2024-08-29T13:56:47.123Z", "user": 1, "step": 7, "source": "LMS"}}, {"model": "steps.userstepview", "pk": 26, "fields": {"created_at": "2024-08-29T13:57:50.454Z", "updated_at": "2024-08-29T13:57:50.454Z", "user": 1, "step": 1, "source": "LMS"}}, {"model": "steps.userstepview", "pk": 27, "fields": {"created_at": "2024-08-29T14:11:23.304Z", "updated_at": "2024-08-29T14:11:23.304Z", "user": 1, "step": 1, "source": "LMS"}}, {"model": "steps.userstepview", "pk": 28, "fields": {"created_at": "2024-08-29T14:11:24.722Z", "updated_at": "2024-08-29T14:11:24.722Z", "user": 1, "step": 2, "source": "LMS"}}, {"model": "steps.userstepview", "pk": 29, "fields": {"created_at": "2024-08-29T14:11:25.089Z", "updated_at": "2024-08-29T14:11:25.089Z", "user": 1, "step": 3, "source": "LMS"}}, {"model": "steps.userstepview", "pk": 30, "fields": {"created_at": "2024-08-29T14:11:25.391Z", "updated_at": "2024-08-29T14:11:25.391Z", "user": 1, "step": 4, "source": "LMS"}}, {"model": "steps.userstepview", "pk": 31, "fields": {"created_at": "2024-08-29T14:11:25.868Z", "updated_at": "2024-08-29T14:11:25.868Z", "user": 1, "step": 5, "source": "LMS"}}, {"model": "steps.userstepview", "pk": 32, "fields": {"created_at": "2024-08-29T14:11:26.497Z", "updated_at": "2024-08-29T14:11:26.497Z", "user": 1, "step": 6, "source": "LMS"}}, {"model": "steps.userstepview", "pk": 33, "fields": {"created_at": "2024-08-29T14:11:36.597Z", "updated_at": "2024-08-29T14:11:36.597Z", "user": 1, "step": 6, "source": "LMS"}}, {"model": "steps.userstepview", "pk": 34, "fields": {"created_at": "2024-08-29T14:11:44.756Z", "updated_at": "2024-08-29T14:11:44.756Z", "user": 1, "step": 5, "source": "LMS"}}, {"model": "steps.userstepview", "pk": 35, "fields": {"created_at": "2024-08-29T14:11:45.824Z", "updated_at": "2024-08-29T14:11:45.824Z", "user": 1, "step": 4, "source": "LMS"}}, {"model": "steps.userstepview", "pk": 36, "fields": {"created_at": "2024-08-29T14:11:46.176Z", "updated_at": "2024-08-29T14:11:46.176Z", "user": 1, "step": 3, "source": "LMS"}}, {"model": "steps.userstepview", "pk": 37, "fields": {"created_at": "2024-08-29T14:11:46.612Z", "updated_at": "2024-08-29T14:11:46.612Z", "user": 1, "step": 2, "source": "LMS"}}, {"model": "steps.userstepview", "pk": 38, "fields": {"created_at": "2024-08-29T14:11:46.854Z", "updated_at": "2024-08-29T14:11:46.854Z", "user": 1, "step": 1, "source": "LMS"}}, {"model": "steps.userstepview", "pk": 39, "fields": {"created_at": "2024-08-29T14:11:53.710Z", "updated_at": "2024-08-29T14:11:53.710Z", "user": 1, "step": 1, "source": "LMS"}}, {"model": "steps.userstepview", "pk": 40, "fields": {"created_at": "2024-08-29T14:11:54.979Z", "updated_at": "2024-08-29T14:11:54.979Z", "user": 1, "step": 6, "source": "LMS"}}, {"model": "steps.userstepview", "pk": 41, "fields": {"created_at": "2024-08-29T14:12:22.913Z", "updated_at": "2024-08-29T14:12:22.913Z", "user": 1, "step": 6, "source": "LMS"}}, {"model": "steps.userstepview", "pk": 42, "fields": {"created_at": "2024-08-29T14:12:51.038Z", "updated_at": "2024-08-29T14:12:51.038Z", "user": 1, "step": 6, "source": "LMS"}}, {"model": "steps.userstepview", "pk": 43, "fields": {"created_at": "2024-08-29T14:13:10.379Z", "updated_at": "2024-08-29T14:13:10.379Z", "user": 1, "step": 6, "source": "LMS"}}, {"model": "steps.userstepview", "pk": 44, "fields": {"created_at": "2024-08-29T14:13:12.198Z", "updated_at": "2024-08-29T14:13:12.198Z", "user": 1, "step": 1, "source": "LMS"}}, {"model": "steps.userstepview", "pk": 45, "fields": {"created_at": "2024-08-29T14:13:12.599Z", "updated_at": "2024-08-29T14:13:12.599Z", "user": 1, "step": 2, "source": "LMS"}}, {"model": "steps.userstepview", "pk": 46, "fields": {"created_at": "2024-08-29T14:13:13.007Z", "updated_at": "2024-08-29T14:13:13.007Z", "user": 1, "step": 3, "source": "LMS"}}, {"model": "steps.userstepview", "pk": 47, "fields": {"created_at": "2024-08-29T14:13:13.317Z", "updated_at": "2024-08-29T14:13:13.317Z", "user": 1, "step": 4, "source": "LMS"}}, {"model": "steps.userstepview", "pk": 48, "fields": {"created_at": "2024-08-29T14:13:44.641Z", "updated_at": "2024-08-29T14:13:44.641Z", "user": 1, "step": 1, "source": "LMS"}}, {"model": "steps.userstepview", "pk": 49, "fields": {"created_at": "2024-08-29T14:13:48.555Z", "updated_at": "2024-08-29T14:13:48.555Z", "user": 1, "step": 7, "source": "LMS"}}, {"model": "steps.userstepview", "pk": 50, "fields": {"created_at": "2024-08-29T14:15:02.350Z", "updated_at": "2024-08-29T14:15:02.350Z", "user": 1, "step": 7, "source": "LMS"}}, {"model": "steps.userstepview", "pk": 51, "fields": {"created_at": "2024-08-29T14:15:03.593Z", "updated_at": "2024-08-29T14:15:03.593Z", "user": 1, "step": 8, "source": "LMS"}}, {"model": "steps.userstepview", "pk": 52, "fields": {"created_at": "2024-08-29T14:15:36.075Z", "updated_at": "2024-08-29T14:15:36.075Z", "user": 1, "step": 8, "source": "LMS"}}, {"model": "steps.userstepview", "pk": 53, "fields": {"created_at": "2024-08-29T14:15:43.594Z", "updated_at": "2024-08-29T14:15:43.594Z", "user": 1, "step": 7, "source": "LMS"}}, {"model": "steps.userstepview", "pk": 54, "fields": {"created_at": "2024-08-29T14:15:44.370Z", "updated_at": "2024-08-29T14:15:44.370Z", "user": 1, "step": 8, "source": "LMS"}}, {"model": "steps.userstepview", "pk": 55, "fields": {"created_at": "2024-08-29T14:15:46.926Z", "updated_at": "2024-08-29T14:15:46.926Z", "user": 1, "step": 7, "source": "LMS"}}, {"model": "dashboard.usercourseenroll", "pk": 1, "fields": {"created_at": "2024-08-29T13:39:45.174Z", "updated_at": "2024-08-29T13:39:45.174Z", "user": 1, "course": 1}}]